{
  "created_at": "2026-02-24T01:43:41.202314",
  "numeric": {
    "tipo_credito": {
      "edges": [
        4.0,
        9.0,
        68.0
      ],
      "ref_counts": [
        5553,
        1981
      ]
    },
    "capital_prestado": {
      "edges": [
        360000.0,
        833748.84,
        1124712.72,
        1344000.0,
        1604400.0,
        1869600.0,
        2241475.920000002,
        2697110.7600000002,
        3282936.72,
        4213680.0,
        41444152.8
      ],
      "ref_counts": [
        754,
        753,
        752,
        719,
        785,
        757,
        754,
        753,
        753,
        754
      ]
    },
    "plazo_meses": {
      "edges": [
        2.0,
        6.0,
        9.0,
        10.0,
        12.0,
        90.0
      ],
      "ref_counts": [
        368,
        2384,
        394,
        1346,
        3042
      ]
    },
    "edad_cliente": {
      "edges": [
        20.0,
        28.0,
        32.0,
        36.0,
        39.0,
        42.0,
        46.0,
        50.0,
        55.0,
        61.0,
        122.0
      ],
      "ref_counts": [
        696,
        768,
        771,
        707,
        712,
        817,
        663,
        763,
        840,
        797
      ]
    },
    "salario_cliente": {
      "edges": [
        0.0,
        1400000.0,
        1800000.0,
        2000000.0,
        2500000.0,
        3000000.0,
        3500000.0,
        4000000.0,
        5000000.0,
        7000000.0,
        22000000000.0
      ],
      "ref_counts": [
        651,
        761,
        307,
        981,
        686,
        895,
        523,
        832,
        1028,
        870
      ]
    },
    "total_otros_prestamos": {
      "edges": [
        0.0,
        300000.0,
        450000.0,
        600000.0,
        800000.0,
        1000000.0,
        1200000.0,
        1600000.0,
        2000000.0,
        3000000.0,
        6787675263.0
      ],
      "ref_counts": [
        707,
        768,
        737,
        730,
        572,
        798,
        912,
        239,
        1209,
        862
      ]
    },
    "cuota_pactada": {
      "edges": [
        23944.0,
        83965.3,
        107278.6,
        127730.0,
        148877.2,
        175839.0,
        205990.0,
        243847.90000000005,
        299979.60000000003,
        434676.3,
        3816752.0
      ],
      "ref_counts": [
        754,
        753,
        752,
        755,
        753,
        745,
        762,
        753,
        753,
        754
      ]
    },
    "cant_creditosvigentes": {
      "edges": [
        0.0,
        2.0,
        3.0,
        4.0,
        5.0,
        6.0,
        7.0,
        8.0,
        11.0,
        62.0
      ],
      "ref_counts": [
        708,
        712,
        855,
        998,
        897,
        788,
        608,
        1198,
        770
      ]
    },
    "huella_consulta": {
      "edges": [
        0.0,
        1.0,
        2.0,
        3.0,
        4.0,
        5.0,
        6.0,
        8.0,
        29.0
      ],
      "ref_counts": [
        511,
        546,
        1404,
        1298,
        1003,
        781,
        1010,
        981
      ]
    },
    "saldo_mora": {
      "edges": [
        0.0,
        12534.0
      ],
      "ref_counts": [
        7444
      ]
    },
    "saldo_total": {
      "edges": [
        0.0,
        135.60000000000014,
        1636.4000000000005,
        4414.700000000002,
        9024.800000000001,
        15847.0,
        25892.600000000002,
        40805.8,
        64483.400000000045,
        115342.09999999998,
        5116066.0
      ],
      "ref_counts": [
        745,
        744,
        744,
        745,
        744,
        744,
        745,
        744,
        744,
        745
      ]
    },
    "saldo_principal": {
      "edges": [
        0.0,
        194.0,
        1599.4000000000005,
        4028.800000000001,
        8215.800000000005,
        14133.0,
        22960.000000000007,
        36365.80000000001,
        57805.600000000035,
        104584.00000000004,
        1562285.0
      ],
      "ref_counts": [
        726,
        728,
        727,
        727,
        727,
        727,
        727,
        727,
        727,
        727
      ]
    },
    "saldo_mora_codeudor": {
      "edges": [
        0.0,
        2145.0
      ],
      "ref_counts": [
        7091
      ]
    },
    "creditos_sectorFinanciero": {
      "edges": [
        0.0,
        1.0,
        2.0,
        3.0,
        4.0,
        6.0,
        51.0
      ],
      "ref_counts": [
        1331,
        1463,
        1433,
        1042,
        1313,
        952
      ]
    },
    "creditos_sectorCooperativo": {
      "edges": [
        0.0,
        1.0,
        8.0
      ],
      "ref_counts": [
        6266,
        1268
      ]
    },
    "creditos_sectorReal": {
      "edges": [
        0.0,
        1.0,
        2.0,
        3.0,
        25.0
      ],
      "ref_counts": [
        3077,
        2089,
        1103,
        1265
      ]
    },
    "promedio_ingresos_datacredito": {
      "edges": [
        0.0,
        838993.8,
        908526.0,
        925157.0,
        977131.0,
        1184948.5,
        1461227.8,
        1845676.8000000005,
        2591456.600000001,
        4094055.100000001,
        28889623.0
      ],
      "ref_counts": [
        550,
        223,
        821,
        603,
        552,
        550,
        549,
        550,
        550,
        550
      ]
    }
  },
  "categorical": {
    "tipo_laboral": {
      "ref_counts": {
        "Empleado": 4721,
        "Independiente": 2813
      }
    },
    "tendencia_ingresos": {
      "ref_counts": {
        "Creciente": 3602,
        "nan": 2037,
        "Estable": 931,
        "Decreciente": 919,
        "0": 7,
        "8315": 3,
        "1000000": 3,
        "82657": 1,
        "10808": 1,
        "168750": 1,
        "5697": 1,
        "31837": 1,
        "1817052": 1,
        "-566272": 1,
        "417087": 1,
        "52862": 1,
        "-28589": 1,
        "146918": 1,
        "209090": 1,
        "22832": 1,
        "-702927": 1,
        "65988": 1,
        "-288": 1,
        "-4105": 1,
        "-70715": 1,
        "122727": 1,
        "-164315": 1,
        "54683": 1,
        "173031": 1,
        "4250635": 1,
        "9090": 1,
        "77975": 1,
        "15245": 1,
        "3978": 1,
        "-435177": 1,
        "24702": 1,
        "-224714": 1,
        "15090": 1,
        "158042": 1
      }
    }
  }
}